year,Propinsi,frekuensi_banjir,total_area_km2,median_durasi_hari
2000,DI. ACEH,1,2734.230080022637,0.0
2000,NUSA TENGGARA TIMUR,1,76.44364320111634,0.0
2001,BALI,1,372.3702121230287,0.0
2001,LAMPUNG,1,50.0686195352977,0.0
2001,SUMATERA SELATAN,1,50.0686195352977,0.0
2002,DI. ACEH,2,1136.8696103298428,0.0
2002,DKI JAKARTA,7,985.569398412953,0.0
2002,JAWA BARAT,5,952.4906973783692,1.0
2002,JAWA TENGAH,6,35.6062070094754,0.0
2002,JAWA TIMUR,7,1989.208608426043,0.0
2002,PROBANTEN,2,661.9178377621182,0.5
2002,SULAWESI SELATAN,1,25.15462649783586,0.0
2002,SUMATERA UTARA,1,4138.235347803469,2.0
2003,BALI,6,26.881181443358546,0.0
2003,DI. ACEH,1,1113.8849577432118,2.0
2003,JAWA TENGAH,12,850.4404356169105,2.0
2003,JAWA TIMUR,1,10.492068582435655,0.0
2003,SUMATERA UTARA,2,1132.3745229982287,2.0
2004,DI. ACEH,7,170.79105007904678,0.0
2004,SUMATERA BARAT,1,1378.5580644572353,0.0
2005,DKI JAKARTA,10,701.8184845640935,0.0
2005,JAWA BARAT,2,672.9814631262897,0.0
2005,JAWA TIMUR,4,328.30133597538855,0.0
2005,PROBANTEN,3,3489.2852486248203,0.0
2006,DAERAH ISTIMEWA YOGYAKARTA,1,0.28010988048816354,1.0
2006,DI. ACEH,12,14743.237657183481,4.0
2006,GORONTALO,1,162.8419224983532,1.0
2006,JAWA BARAT,3,95.68444715654229,1.0
2006,JAWA TENGAH,3,1310.0059011524465,0.0
2006,JAWA TIMUR,70,10314.503043947703,0.0
2006,PROBANTEN,6,78.56973781527161,0.0
2006,SULAWESI SELATAN,11,3769.241450208488,1.0
2006,SULAWESI TENGAH,3,39.32933493264437,0.0
2006,SULAWESI UTARA,1,162.8419224983532,1.0
2006,SUMATERA BARAT,1,130.64254970023416,0.0
2006,SUMATERA UTARA,2,2293.0254540235146,2.0
2007,BALI,1,362.06501166867537,0.0
2007,DAERAH ISTIMEWA YOGYAKARTA,2,2440.935182388045,0.0
2007,DI. ACEH,1,17.44841520720864,0.0
2007,DKI JAKARTA,51,2901.9481736913376,0.0
2007,JAWA BARAT,15,7669.413133969463,1.0
2007,JAWA TENGAH,17,7706.418786897488,1.0
2007,JAWA TIMUR,30,8785.770497601397,0.0
2007,KALIMANTAN TIMUR,8,9332.509933408288,1.0
2007,NUSA TENGGARA TIMUR,3,2733.7376607674346,0.0
2007,PROBANTEN,7,5135.587122093755,1.0
2007,SULAWESI SELATAN,1,4086.1390177210465,4.0
2007,SULAWESI TENGAH,2,4106.436947655281,3.5
2007,SULAWESI TENGGARA,1,4086.1390177210465,4.0
2008,DI. ACEH,7,5138.954280231218,4.0
2008,DKI JAKARTA,8,2254.88108251626,0.0
2008,JAWA BARAT,14,2580.4809742342527,0.5
2008,JAWA TENGAH,2,1034.9924001717818,0.0
2008,JAWA TIMUR,7,1875.9783501132524,0.0
2008,KALIMANTAN TIMUR,5,6907.974918158378,0.0
2008,LAMPUNG,5,23.290181890780676,0.0
2008,MALUKU UTARA,2,259.3899965175211,1.0
2008,NUSA TENGGARA TIMUR,6,6564.8632596857515,0.0
2008,PROBANTEN,3,1906.6086680124317,1.0
2008,SUMATERA BARAT,1,93.29886023521216,0.0
2009,DI. ACEH,6,561.435316911854,0.0
2009,DKI JAKARTA,82,5730.998769782652,0.0
2009,JAMBI,9,1439.6269300968881,2.0
2009,JAWA BARAT,83,8629.10736087884,0.0
2009,JAWA TENGAH,32,15199.978866744712,1.0
2009,JAWA TIMUR,73,13557.500327161608,0.0
2009,KALIMANTAN TIMUR,29,23980.19810725949,2.0
2009,LAMPUNG,8,856.3166498291068,1.0
2009,NUSA TENGGARA TIMUR,3,508.4106271349449,3.0
2009,PROBANTEN,31,8355.8463319526,0.0
2009,RIAU,18,13042.596037743588,0.0
2009,SULAWESI SELATAN,10,1551.7904538740481,3.0
2009,SULAWESI TENGAH,4,131.74185443127058,0.5
2009,SUMATERA BARAT,17,8456.09982932667,0.0
2009,SUMATERA SELATAN,1,255.83290416716892,0.0
2009,SUMATERA UTARA,22,8235.152160839141,0.0
2010,BALI,13,2500.3872253211407,0.0
2010,BENGKULU,3,12896.155386378585,0.0
2010,DAERAH ISTIMEWA YOGYAKARTA,36,2587.0848311742952,0.0
2010,DI. ACEH,17,13314.789200269872,1.0
2010,DKI JAKARTA,148,5658.541740891295,0.0
2010,GORONTALO,40,91.19163411152482,1.0
2010,IRIAN JAYA BARAT,2,99.09410421641414,3.0
2010,IRIAN JAYA TIMUR,3,55.310784422639735,0.0
2010,JAMBI,18,2488.39894461612,0.0
2010,JAWA BARAT,161,22541.15114377875,0.0
2010,JAWA TENGAH,178,26516.462252751353,0.0
2010,JAWA TIMUR,167,24920.788704291183,0.0
2010,KALIMANTAN BARAT,10,1437.3836888562457,0.0
2010,KALIMANTAN SELATAN,15,5371.28796043571,2.0
2010,KALIMANTAN TENGAH,12,1215.0554327500606,2.0
2010,KALIMANTAN TIMUR,28,946.2993917615249,0.0
2010,LAMPUNG,14,17444.552014177167,0.0
2010,NUSA TENGGARA TIMUR,14,1966.5509081105706,0.0
2010,PROBANTEN,66,6906.208853770865,0.0
2010,RIAU,7,4371.457250827348,0.0
2010,SULAWESI SELATAN,25,18878.77606688681,0.0
2010,SULAWESI TENGAH,2,3247.196728218894,0.0
2010,SULAWESI TENGGARA,9,3950.225869052592,0.0
2010,SULAWESI UTARA,1,0.9194283838185763,1.0
2010,SUMATERA BARAT,27,6659.230406454126,0.0
2010,SUMATERA SELATAN,35,35815.83402936618,0.0
2010,SUMATERA UTARA,21,7539.469511932483,0.0
2011,BENGKULU,5,3559.462185627558,1.0
2011,DAERAH ISTIMEWA YOGYAKARTA,75,15205.903702436943,0.0
2011,DI. ACEH,88,19618.68167011143,1.0
2011,DKI JAKARTA,88,1347.466638794051,0.0
2011,GORONTALO,15,2330.873232123215,0.0
2011,IRIAN JAYA TENGAH,12,17139.709511899822,0.0
2011,IRIAN JAYA TIMUR,3,14072.829977478697,0.0
2011,JAMBI,14,4854.504958286192,1.0
2011,JAWA BARAT,77,9803.996531387145,0.0
2011,JAWA TENGAH,242,29393.37947348334,0.0
2011,JAWA TIMUR,157,16120.007237037727,1.0
2011,KALIMANTAN BARAT,28,7035.940684321245,0.0
2011,KALIMANTAN SELATAN,5,5155.801201054753,3.0
2011,KALIMANTAN TENGAH,9,126.5132453371264,0.0
2011,KALIMANTAN TIMUR,111,43879.18416794578,0.0
2011,LAMPUNG,1,103.89319348555546,0.0
2011,NUSA TENGGARA TIMUR,28,4781.341997298328,0.0
2011,NUSATENGGARA BARAT,11,792.2679409547108,0.0
2011,PROBANTEN,14,6854.676910659104,0.5
2011,RIAU,42,11116.50525104045,0.0
2011,SULAWESI SELATAN,71,25565.501538582546,0.0
2011,SULAWESI TENGAH,14,2298.593932968261,0.0
2011,SULAWESI TENGGARA,7,833.1705808618179,1.0
2011,SULAWESI UTARA,33,6877.846961243897,0.0
2011,SUMATERA BARAT,35,20940.382496526287,0.0
2011,SUMATERA SELATAN,16,1773.8785571214744,0.5
2011,SUMATERA UTARA,151,17370.50951917319,1.0
2012,BALI,3,540.4721021143107,0.0
2012,BENGKULU,13,12236.643947721139,1.0
2012,DAERAH ISTIMEWA YOGYAKARTA,33,10806.163967012673,0.0
2012,DI. ACEH,65,25435.95452620554,0.0
2012,DKI JAKARTA,347,9080.082786516507,1.0
2012,GORONTALO,8,1659.294530959046,0.0
2012,IRIAN JAYA BARAT,1,81.94233028425157,0.0
2012,IRIAN JAYA TENGAH,1,4690.9433258262325,0.0
2012,IRIAN JAYA TIMUR,2,4705.158284723438,0.0
2012,JAMBI,57,24413.437667908533,1.0
2012,JAWA BARAT,230,20452.195451607353,0.0
2012,JAWA TENGAH,196,23915.462748090606,1.0
2012,JAWA TIMUR,135,9467.697438605433,0.0
2012,KALIMANTAN BARAT,34,7153.4140379164455,1.0
2012,KALIMANTAN SELATAN,14,3691.5586854815106,1.0
2012,KALIMANTAN TENGAH,29,7944.867088191516,1.0
2012,KALIMANTAN TIMUR,53,19001.07831103789,0.0
2012,LAMPUNG,13,15503.222352690582,0.0
2012,MALUKU,7,13613.235724727541,2.0
2012,NUSA TENGGARA TIMUR,8,1337.4783712241508,4.0
2012,NUSATENGGARA BARAT,14,3370.0292833498934,1.0
2012,PROBANTEN,147,20057.115783458554,1.0
2012,RIAU,36,21768.952538170564,0.5
2012,SULAWESI SELATAN,52,24415.42952020806,0.0
2012,SULAWESI TENGAH,18,3811.5375308806597,0.5
2012,SULAWESI TENGGARA,4,91.50345479702379,0.0
2012,SULAWESI UTARA,2,1648.6558080608363,0.5
2012,SUMATERA BARAT,83,33232.69302467937,0.0
2012,SUMATERA SELATAN,36,24098.063999430127,0.0
2012,SUMATERA UTARA,103,50024.083611942,0.0
2013,BALI,6,1260.3805099384251,0.0
2013,BENGKULU,22,34477.04031638823,1.0
2013,DAERAH ISTIMEWA YOGYAKARTA,60,5043.5472938792345,0.0
2013,DI. ACEH,175,81297.08633338384,1.0
2013,DKI JAKARTA,954,18295.227399433792,0.0
2013,GORONTALO,52,20835.30104063982,1.0
2013,IRIAN JAYA BARAT,3,412.0435087818355,0.0
2013,IRIAN JAYA TENGAH,6,3421.8765699746646,0.0
2013,IRIAN JAYA TIMUR,12,554.0102177957442,1.0
2013,JAMBI,56,37132.812015019954,1.0
2013,JAWA BARAT,485,61052.24148479757,0.0
2013,JAWA TENGAH,314,52424.54304034134,0.0
2013,JAWA TIMUR,722,66790.89894884435,0.0
2013,KALIMANTAN BARAT,51,11827.496183390347,0.0
2013,KALIMANTAN SELATAN,17,17605.96355795727,0.0
2013,KALIMANTAN TENGAH,50,19026.170178089473,0.0
2013,KALIMANTAN TIMUR,148,45024.61840429673,1.0
2013,LAMPUNG,79,26967.958228775886,1.0
2013,MALUKU,3,470.7111008720753,0.0
2013,NUSA TENGGARA TIMUR,37,8805.967360015473,1.0
2013,NUSATENGGARA BARAT,19,3119.7700806684857,0.0
2013,PROBANTEN,268,41384.01969006931,0.0
2013,RIAU,78,21397.682582826117,1.0
2013,SULAWESI SELATAN,267,81531.75544260998,0.0
2013,SULAWESI TENGAH,26,50865.185072780565,0.5
2013,SULAWESI TENGGARA,131,55163.796017378154,0.0
2013,SULAWESI UTARA,68,6263.455106141099,1.0
2013,SUMATERA BARAT,48,36218.596366521684,0.0
2013,SUMATERA SELATAN,42,24517.451377007776,0.0
2013,SUMATERA UTARA,201,28970.71628825921,1.0
2014,BALI,24,7776.093018783247,3.0
2014,BENGKULU,21,14508.826857211247,1.0
2014,DAERAH ISTIMEWA YOGYAKARTA,47,14865.185180084836,0.0
2014,DI. ACEH,366,93437.09380196352,1.0
2014,DKI JAKARTA,1734,25610.047793962985,0.0
2014,GORONTALO,9,7276.066341023248,1.0
2014,IRIAN JAYA BARAT,3,406.0382595185179,0.0
2014,IRIAN JAYA TIMUR,15,815.2324697713896,0.0
2014,JAMBI,63,37662.105034962144,1.0
2014,JAWA BARAT,1002,93944.44578307534,0.0
2014,JAWA TENGAH,880,89867.51845509908,0.0
2014,JAWA TIMUR,463,40189.19722308089,0.0
2014,KALIMANTAN BARAT,28,5196.019908821338,0.0
2014,KALIMANTAN SELATAN,41,8850.573210579421,0.0
2014,KALIMANTAN TENGAH,25,3490.7621661521202,1.0
2014,KALIMANTAN TIMUR,64,28103.75730970169,0.0
2014,LAMPUNG,31,36620.77927120011,0.0
2014,MALUKU,2,1067.575970247216,0.0
2014,NUSA TENGGARA TIMUR,41,5962.181243380618,0.0
2014,NUSATENGGARA BARAT,18,2824.0835132122343,1.0
2014,PROBANTEN,406,36046.85206331222,0.0
2014,RIAU,169,46988.46588199359,0.0
2014,SULAWESI SELATAN,82,34489.30900905744,0.0
2014,SULAWESI TENGAH,57,32650.744169186473,1.0
2014,SULAWESI UTARA,167,22671.759532123495,0.0
2014,SUMATERA BARAT,87,61611.4235958727,1.0
2014,SUMATERA SELATAN,64,30349.870878724938,0.0
2014,SUMATERA UTARA,86,50627.00705705361,1.0
2015,BALI,5,1195.0304798820825,0.0
2015,BENGKULU,38,32657.97050973618,0.0
2015,DAERAH ISTIMEWA YOGYAKARTA,108,8874.943419603662,0.5
2015,DI. ACEH,1203,200536.97720255415,1.0
2015,DKI JAKARTA,1137,19330.497394114645,1.0
2015,GORONTALO,23,2272.3820268202803,0.0
2015,IRIAN JAYA BARAT,6,1580.9583450049722,0.0
2015,IRIAN JAYA TIMUR,3,3798.2594331281844,0.0
2015,JAMBI,94,27704.897045163427,0.0
2015,JAWA BARAT,489,40432.44875232997,0.0
2015,JAWA TENGAH,375,37571.58936459864,1.0
2015,JAWA TIMUR,372,36824.7017030617,0.0
2015,KALIMANTAN BARAT,111,38868.29545963158,0.0
2015,KALIMANTAN SELATAN,154,23023.18303839752,0.0
2015,KALIMANTAN TENGAH,85,20067.671710396404,0.0
2015,KALIMANTAN TIMUR,201,47181.33986515824,0.0
2015,LAMPUNG,82,15918.55356925439,0.0
2015,MALUKU,9,474.0616362679297,0.0
2015,NUSA TENGGARA TIMUR,57,2538.921908554883,0.0
2015,NUSATENGGARA BARAT,44,8317.761667787763,0.0
2015,PROBANTEN,278,35144.99808882417,0.0
2015,RIAU,139,52247.145228924346,0.0
2015,SULAWESI SELATAN,149,27468.9893760369,0.0
2015,SULAWESI TENGAH,27,14194.049595616118,1.0
2015,SULAWESI TENGGARA,11,1562.0605337561697,1.0
2015,SULAWESI UTARA,39,4211.615857071024,0.0
2015,SUMATERA BARAT,145,41815.19214799817,0.0
2015,SUMATERA SELATAN,111,26152.955374184607,0.0
2015,SUMATERA UTARA,321,47314.66214348468,0.0
2016,BALI,51,8359.375020465855,0.0
2016,BENGKULU,120,44260.15754077346,0.0
2016,DAERAH ISTIMEWA YOGYAKARTA,191,36112.48576126239,0.0
2016,DI. ACEH,1081,181307.05948460364,1.0
2016,DKI JAKARTA,1651,37412.061131154296,0.0
2016,GORONTALO,142,32788.97065261109,0.0
2016,IRIAN JAYA BARAT,23,18726.634214783837,0.0
2016,IRIAN JAYA TENGAH,26,16099.030447303208,0.0
2016,IRIAN JAYA TIMUR,23,10926.473921604145,0.0
2016,JAMBI,362,152190.40114892425,0.0
2016,JAWA BARAT,2221,184873.256419443,0.0
2016,JAWA TENGAH,1101,144262.5236682445,1.0
2016,JAWA TIMUR,1482,181640.42049127736,1.0
2016,KALIMANTAN BARAT,256,102698.38338078235,1.0
2016,KALIMANTAN SELATAN,205,50438.45432636873,0.0
2016,KALIMANTAN TENGAH,205,70826.33355966912,0.0
2016,KALIMANTAN TIMUR,307,64608.36012082117,0.0
2016,LAMPUNG,136,21351.14056856839,0.0
2016,MALUKU,6,6817.318871341784,1.0
2016,MALUKU UTARA,1,5.99285289512819,1.0
2016,NUSA TENGGARA TIMUR,73,17747.46529773495,0.0
2016,NUSATENGGARA BARAT,123,27347.548131089246,0.0
2016,PROBANTEN,500,57745.24230903772,0.0
2016,RIAU,593,130545.22329635332,1.0
2016,SULAWESI SELATAN,327,62523.72173794494,0.0
2016,SULAWESI TENGAH,62,45587.406245600505,0.0
2016,SULAWESI TENGGARA,35,16701.59147511477,0.0
2016,SULAWESI UTARA,105,21054.83694359513,0.0
2016,SUMATERA BARAT,445,149492.39655856698,1.0
2016,SUMATERA SELATAN,429,122704.14596761319,0.0
2016,SUMATERA UTARA,407,74123.10578544282,0.0
2017,BALI,90,7496.075102468299,0.0
2017,BENGKULU,57,31418.862407575245,0.0
2017,DAERAH ISTIMEWA YOGYAKARTA,322,29169.724976207275,1.0
2017,DI. ACEH,1278,214450.0816758142,1.0
2017,DKI JAKARTA,1446,30417.77406952973,0.0
2017,GORONTALO,168,30393.719990151887,0.0
2017,IRIAN JAYA BARAT,14,868.2169691506682,0.0
2017,IRIAN JAYA TENGAH,14,10770.605567494513,0.5
2017,IRIAN JAYA TIMUR,19,5359.861199848012,0.0
2017,JAMBI,259,81141.7889222395,0.0
2017,JAWA BARAT,1651,160030.54923846893,0.0
2017,JAWA TENGAH,1359,126153.28765768658,0.0
2017,JAWA TIMUR,1645,120729.30594909044,0.0
2017,KALIMANTAN BARAT,351,139928.87289417585,0.0
2017,KALIMANTAN SELATAN,288,41464.52252495296,0.0
2017,KALIMANTAN TENGAH,507,228476.79056774743,1.0
2017,KALIMANTAN TIMUR,552,195197.2450180467,0.0
2017,LAMPUNG,223,39917.22286596305,0.0
2017,MALUKU,11,6951.9211933042825,0.0
2017,MALUKU UTARA,8,690.8870257039308,0.0
2017,NUSA TENGGARA TIMUR,107,24879.62641758711,0.0
2017,NUSATENGGARA BARAT,197,28007.996027813417,0.0
2017,PROBANTEN,517,72500.49740235257,0.0
2017,RIAU,717,157596.72981964156,0.0
2017,SULAWESI SELATAN,563,118381.25952091091,0.0
2017,SULAWESI TENGAH,113,58324.28128633668,0.0
2017,SULAWESI TENGGARA,185,45915.59176092614,0.0
2017,SULAWESI UTARA,306,24718.188402704138,0.0
2017,SUMATERA BARAT,347,120375.02149854679,1.0
2017,SUMATERA SELATAN,220,35701.374919503425,0.0
2017,SUMATERA UTARA,760,160791.22653800595,0.0
2018,BALI,133,12021.603477321656,0.0
2018,BENGKULU,64,32939.823402994596,0.0
2018,DAERAH ISTIMEWA YOGYAKARTA,63,6025.387151713069,0.0
2018,DI. ACEH,1504,319473.0007437794,1.0
2018,DKI JAKARTA,862,14927.060718811712,0.0
2018,GORONTALO,47,7871.110108381873,0.0
2018,IRIAN JAYA BARAT,9,1374.2390679692744,0.0
2018,IRIAN JAYA TIMUR,6,1746.5601055184277,0.0
2018,JAMBI,438,140865.02326884182,0.0
2018,JAWA BARAT,1721,140155.60788077465,0.0
2018,JAWA TENGAH,1196,113803.82405209643,0.0
2018,JAWA TIMUR,1470,107004.87002058732,0.0
2018,KALIMANTAN BARAT,393,144606.76327068568,0.0
2018,KALIMANTAN SELATAN,262,50192.48172299294,0.0
2018,KALIMANTAN TENGAH,141,42825.61016279074,0.0
2018,KALIMANTAN TIMUR,205,44583.50801431113,0.0
2018,LAMPUNG,501,92844.60878286547,0.0
2018,MALUKU,4,1902.94880846657,0.0
2018,MALUKU UTARA,10,3557.574470965273,1.0
2018,NUSA TENGGARA TIMUR,119,23490.192164570944,0.0
2018,NUSATENGGARA BARAT,112,17585.791496689384,0.0
2018,PROBANTEN,414,63742.58900663938,0.0
2018,RIAU,1308,305333.69015852077,0.0
2018,SULAWESI SELATAN,472,133728.17314532452,0.0
2018,SULAWESI TENGAH,89,57103.81589729385,0.0
2018,SULAWESI TENGGARA,171,58326.28429068959,0.0
2018,SULAWESI UTARA,101,12716.101688643128,0.0
2018,SUMATERA BARAT,517,214860.07209062745,0.0
2018,SUMATERA SELATAN,406,71814.88129019644,0.0
2018,SUMATERA UTARA,802,194527.3616271905,0.0
2019,BALI,78,8522.93162327598,0.0
2019,BENGKULU,306,69430.62753685244,1.0
2019,DAERAH ISTIMEWA YOGYAKARTA,284,26902.565978772167,1.0
2019,DI. ACEH,1113,181800.59087731264,0.0
2019,DKI JAKARTA,1424,33254.92344615403,1.0
2019,GORONTALO,52,17523.125630606526,1.0
2019,IRIAN JAYA BARAT,37,5770.766240487615,1.0
2019,IRIAN JAYA TENGAH,15,3712.9775775684993,1.0
2019,IRIAN JAYA TIMUR,201,14819.43075432553,0.0
2019,JAMBI,308,127219.8295079667,0.0
2019,JAWA BARAT,2028,191110.60093649285,0.0
2019,JAWA TENGAH,1238,101836.19945118115,1.0
2019,JAWA TIMUR,2141,130182.09526461351,1.0
2019,KALIMANTAN BARAT,376,140044.0358618083,1.0
2019,KALIMANTAN SELATAN,313,49692.695282552246,0.0
2019,KALIMANTAN TENGAH,279,103213.86106853969,1.0
2019,KALIMANTAN TIMUR,441,105996.09510849763,0.0
2019,LAMPUNG,420,49067.43790162282,0.0
2019,MALUKU,22,17779.031719310973,2.0
2019,MALUKU UTARA,9,2032.3699588619693,1.0
2019,NUSA TENGGARA TIMUR,120,41020.0229599508,0.0
2019,NUSATENGGARA BARAT,62,12184.701351729595,0.0
2019,PROBANTEN,568,75988.94353803177,0.0
2019,RIAU,658,144215.83039187765,1.0
2019,SULAWESI SELATAN,1019,188594.73483032174,0.0
2019,SULAWESI TENGAH,225,95037.73000102116,0.0
2019,SULAWESI TENGGARA,422,124492.02925411018,0.0
2019,SULAWESI UTARA,138,23462.200738739793,0.0
2019,SUMATERA BARAT,472,236051.25644848656,0.0
2019,SUMATERA SELATAN,377,114238.94520444266,0.0
2019,SUMATERA UTARA,545,130856.52286694612,0.0
2020,BALI,139,20228.018393249054,0.0
2020,BENGKULU,282,102075.16585140316,0.0
2020,DAERAH ISTIMEWA YOGYAKARTA,199,28520.50547520261,0.0
2020,DI. ACEH,2259,496389.0075891094,1.0
2020,DKI JAKARTA,4214,72564.95813251422,0.0
2020,GORONTALO,457,120271.77393298008,0.0
2020,IRIAN JAYA BARAT,113,10225.398985907806,0.0
2020,IRIAN JAYA TENGAH,31,11034.276034076005,0.0
2020,IRIAN JAYA TIMUR,27,10745.181778410079,0.0
2020,JAMBI,556,237757.57608888907,0.0
2020,JAWA BARAT,4917,595105.8246168104,0.0
2020,JAWA TENGAH,2873,305381.92035981675,1.0
2020,JAWA TIMUR,3187,323012.1076419185,0.0
2020,KALIMANTAN BARAT,743,337230.1578992084,0.0
2020,KALIMANTAN SELATAN,801,198048.43722211046,0.0
2020,KALIMANTAN TENGAH,1100,494548.3002301344,0.0
2020,KALIMANTAN TIMUR,685,190381.64587619834,0.0
2020,LAMPUNG,458,48505.26979420095,0.0
2020,MALUKU,26,24549.367086444057,0.0
2020,MALUKU UTARA,45,10591.341961137547,1.0
2020,NUSA TENGGARA TIMUR,94,15549.847561755889,0.0
2020,NUSATENGGARA BARAT,40,6367.445517250383,0.0
2020,PROBANTEN,2099,252832.30833188433,0.0
2020,RIAU,519,213678.98886862776,1.0
2020,SULAWESI SELATAN,1444,535174.48058917,0.0
2020,SULAWESI TENGAH,387,234349.86231149067,0.0
2020,SULAWESI TENGGARA,308,93542.18556875331,1.0
2020,SULAWESI UTARA,384,190890.54281853425,0.0
2020,SUMATERA BARAT,753,472227.57837181044,0.0
2020,SUMATERA SELATAN,653,297375.854049093,0.0
2020,SUMATERA UTARA,1646,338992.92211725755,0.0
2021,BALI,226,19328.56129626984,0.0
2021,BENGKULU,193,87141.1945639817,0.0
2021,DAERAH ISTIMEWA YOGYAKARTA,242,27702.09088398341,0.0
2021,DI. ACEH,2096,297498.57286263176,1.0
2021,DKI JAKARTA,2494,52170.65582044704,0.0
2021,GORONTALO,394,67715.40412237651,0.0
2021,IRIAN JAYA BARAT,22,6215.172219440896,0.0
2021,IRIAN JAYA TENGAH,41,12760.968577865402,0.0
2021,IRIAN JAYA TIMUR,100,31789.387725522018,0.0
2021,JAMBI,305,141137.84129612977,0.0
2021,JAWA BARAT,4400,396200.3814048491,0.0
2021,JAWA TENGAH,2939,191088.41727010277,1.0
2021,JAWA TIMUR,3884,303571.7102076411,0.0
2021,KALIMANTAN BARAT,1549,526227.7977373902,0.0
2021,KALIMANTAN SELATAN,2948,336029.25988990883,0.0
2021,KALIMANTAN TENGAH,1627,697682.800680879,0.0
2021,KALIMANTAN TIMUR,1448,332752.9891426217,0.0
2021,LAMPUNG,425,51670.197897608705,0.0
2021,MALUKU,33,22616.275573775798,0.0
2021,MALUKU UTARA,104,37817.84228071629,0.0
2021,NUSA TENGGARA TIMUR,401,72433.61752700267,0.0
2021,NUSATENGGARA BARAT,337,55909.81063270552,0.0
2021,PROBANTEN,1226,173313.79039910552,0.0
2021,RIAU,690,159225.03869632422,0.0
2021,SULAWESI SELATAN,1441,284206.1863409008,1.0
2021,SULAWESI TENGAH,173,78679.48591628463,0.0
2021,SULAWESI TENGGARA,149,35999.70514518466,0.0
2021,SULAWESI UTARA,483,48263.82753867317,0.0
2021,SUMATERA BARAT,763,204205.66689372365,1.0
2021,SUMATERA SELATAN,623,100791.11235363383,0.0
2021,SUMATERA UTARA,1698,258047.76076189525,0.0
2022,BALI,410,25648.014812485573,0.0
2022,BENGKULU,512,147770.43430798152,1.0
2022,DAERAH ISTIMEWA YOGYAKARTA,400,40255.55350014563,0.0
2022,DI. ACEH,3486,372334.93097486533,1.0
2022,DKI JAKARTA,1943,64930.039810959504,0.0
2022,GORONTALO,381,68612.36036835914,0.0
2022,IRIAN JAYA BARAT,200,31797.374590906737,0.0
2022,IRIAN JAYA TENGAH,38,16533.327854576204,2.0
2022,IRIAN JAYA TIMUR,103,11434.105015923327,1.0
2022,JAMBI,324,125690.74357705601,0.0
2022,JAWA BARAT,4435,422441.6632689432,0.0
2022,JAWA TENGAH,4657,298156.96213534154,1.0
2022,JAWA TIMUR,5145,413487.149946351,0.0
2022,KALIMANTAN BARAT,1274,503370.54338132037,0.0
2022,KALIMANTAN SELATAN,1304,193771.0404433814,0.0
2022,KALIMANTAN TENGAH,1936,659368.0877923073,0.0
2022,KALIMANTAN TIMUR,1437,386976.62253128487,0.0
2022,LAMPUNG,679,85446.55694359487,0.0
2022,MALUKU,96,49643.31423689671,0.0
2022,MALUKU UTARA,46,6759.739493294765,0.0
2022,NUSA TENGGARA TIMUR,448,91351.51251546197,0.0
2022,NUSATENGGARA BARAT,110,19154.045213701473,0.0
2022,PROBANTEN,2080,191928.4637281226,0.0
2022,RIAU,864,138304.15192486934,0.0
2022,SULAWESI SELATAN,1393,254847.66602848927,0.0
2022,SULAWESI TENGAH,520,132971.74247106304,0.0
2022,SULAWESI TENGGARA,278,48674.92855762201,0.0
2022,SULAWESI UTARA,259,41388.51590357645,0.0
2022,SUMATERA BARAT,483,150571.55931238443,0.0
2022,SUMATERA SELATAN,702,147590.84918695758,0.0
2022,SUMATERA UTARA,2233,252335.62293793168,1.0
2023,BALI,160,13822.36270233398,1.0
2023,BENGKULU,263,134468.5414927266,1.0
2023,DAERAH ISTIMEWA YOGYAKARTA,121,17058.73588423415,0.0
2023,DI. ACEH,3689,503403.37357139925,1.0
2023,DKI JAKARTA,1199,37350.86427006463,0.0
2023,GORONTALO,106,22814.895344183562,0.0
2023,IRIAN JAYA BARAT,42,2143.02587154681,0.0
2023,IRIAN JAYA TENGAH,6,4384.205048202201,0.0
2023,IRIAN JAYA TIMUR,96,33181.724224668,0.0
2023,JAMBI,550,147812.73033248214,0.0
2023,JAWA BARAT,2954,226799.38351520794,0.0
2023,JAWA TENGAH,2941,202669.6070893278,0.0
2023,JAWA TIMUR,2877,237476.7560156149,0.0
2023,KALIMANTAN BARAT,548,188489.12802734136,0.0
2023,KALIMANTAN SELATAN,1235,157062.73717559775,0.0
2023,KALIMANTAN TENGAH,734,253575.37591797695,1.0
2023,KALIMANTAN TIMUR,987,217677.384151334,0.0
2023,LAMPUNG,521,130755.03558287743,0.0
2023,MALUKU,44,27204.418869805948,1.0
2023,MALUKU UTARA,68,26422.79820329837,0.0
2023,NUSA TENGGARA TIMUR,249,51717.06607363138,0.0
2023,NUSATENGGARA BARAT,470,71180.96131493425,0.0
2023,PROBANTEN,761,76351.00182410958,0.0
2023,RIAU,1219,282875.18393596186,0.0
2023,SULAWESI SELATAN,911,136218.5009979871,0.0
2023,SULAWESI TENGAH,234,48825.94861853683,0.0
2023,SULAWESI TENGGARA,153,35763.92073916972,0.0
2023,SULAWESI UTARA,218,27209.776629405475,0.0
2023,SUMATERA BARAT,1175,325618.1136163298,1.0
2023,SUMATERA SELATAN,889,205559.74914403757,0.0
2023,SUMATERA UTARA,1538,359280.21969572466,0.0
2024,BALI,187,27447.899267648416,0.0
2024,BENGKULU,466,142674.18493133562,0.0
2024,DAERAH ISTIMEWA YOGYAKARTA,231,28609.152513966408,0.0
2024,DI. ACEH,2671,472265.761473102,1.0
2024,DKI JAKARTA,2322,64381.51586014413,0.0
2024,GORONTALO,820,100912.78352922312,0.0
2024,IRIAN JAYA BARAT,139,39594.77372631872,0.0
2024,IRIAN JAYA TENGAH,86,53780.75168257623,0.0
2024,IRIAN JAYA TIMUR,193,103696.49032914679,0.0
2024,JAMBI,1417,353402.4518682249,0.0
2024,JAWA BARAT,5026,422753.46057989215,0.0
2024,JAWA TENGAH,4505,308925.5303231627,0.0
2024,JAWA TIMUR,5034,362433.52926597645,0.0
2024,KALIMANTAN BARAT,1387,469613.33011313545,0.0
2024,KALIMANTAN SELATAN,996,168110.38286934508,0.0
2024,KALIMANTAN TENGAH,1840,594834.2728742961,0.0
2024,KALIMANTAN TIMUR,1075,291924.5655008784,0.0
2024,LAMPUNG,1038,144739.83394127613,0.0
2024,MALUKU,86,58915.74944596866,0.0
2024,MALUKU UTARA,167,45591.45133851674,0.0
2024,NUSA TENGGARA TIMUR,360,85522.98711153041,0.0
2024,NUSATENGGARA BARAT,373,64092.98705467798,0.0
2024,PROBANTEN,1650,167813.1612585073,0.0
2024,RIAU,2317,556483.8549151318,0.0
2024,SULAWESI SELATAN,2054,379570.37020964513,0.0
2024,SULAWESI TENGAH,547,172117.80754251918,0.0
2024,SULAWESI TENGGARA,715,107465.59232615404,0.0
2024,SULAWESI UTARA,490,100724.92003167998,0.0
2024,SUMATERA BARAT,2134,526606.1248975674,0.0
2024,SUMATERA SELATAN,2108,357955.3329531122,0.0
2024,SUMATERA UTARA,2580,479399.1482327548,0.0
2025,BALI,529,67709.54628738709,0.0
2025,BENGKULU,471,151552.3115890607,0.0
2025,DAERAH ISTIMEWA YOGYAKARTA,508,47158.82908142361,0.0
2025,DI. ACEH,6712,652314.2326363475,0.0
2025,DKI JAKARTA,3538,105091.64904560124,0.0
2025,GORONTALO,442,135848.4646746433,0.0
2025,IRIAN JAYA BARAT,140,49196.70280272825,0.0
2025,IRIAN JAYA TENGAH,143,60604.306076355104,0.0
2025,IRIAN JAYA TIMUR,329,116394.05362587108,0.0
2025,JAMBI,760,243931.84737488785,0.0
2025,JAWA BARAT,8499,677152.992257868,0.0
2025,JAWA TENGAH,6302,548592.2918844526,0.0
2025,JAWA TIMUR,6727,499323.47412783455,0.0
2025,KALIMANTAN BARAT,1243,358548.063861422,0.0
2025,KALIMANTAN SELATAN,2271,279212.94099679746,0.0
2025,KALIMANTAN TENGAH,1330,492450.53914810624,0.0
2025,KALIMANTAN TIMUR,2308,585764.3459536573,0.0
2025,LAMPUNG,1963,294763.29194540303,0.0
2025,MALUKU,91,56842.60866635601,0.0
2025,MALUKU UTARA,145,58273.00841969399,0.0
2025,NUSA TENGGARA TIMUR,523,116728.93631411405,0.0
2025,NUSATENGGARA BARAT,557,94719.76900153916,0.0
2025,PROBANTEN,2716,261790.00968461795,0.0
2025,RIAU,1869,409031.8850321708,0.0
2025,SULAWESI SELATAN,1261,291194.33246682596,0.0
2025,SULAWESI TENGAH,793,269532.15109703795,0.0
2025,SULAWESI TENGGARA,411,61353.266242312886,0.0
2025,SULAWESI UTARA,433,56640.348947231934,0.0
2025,SUMATERA BARAT,2157,374802.5345469324,0.0
2025,SUMATERA SELATAN,1379,367464.2292650134,0.0
2025,SUMATERA UTARA,5064,555019.9347542874,0.0
2026,BALI,60,10572.637534934187,0.0
2026,BENGKULU,54,17297.88703171629,1.0
2026,DAERAH ISTIMEWA YOGYAKARTA,29,8109.219114579906,0.0
2026,DI. ACEH,1407,157979.27546744037,0.0
2026,DKI JAKARTA,1653,11035.113676703519,1.0
2026,GORONTALO,30,11374.085541691187,0.0
2026,IRIAN JAYA TIMUR,14,15863.050659574932,0.0
2026,JAMBI,67,33135.82042045297,2.0
2026,JAWA BARAT,1508,86175.97313430943,1.0
2026,JAWA TENGAH,1393,69909.5581158854,1.0
2026,JAWA TIMUR,1056,83821.82022271323,1.0
2026,KALIMANTAN BARAT,209,45954.67892127439,1.0
2026,KALIMANTAN SELATAN,793,58087.729934387375,0.0
2026,KALIMANTAN TENGAH,74,29985.948582959314,0.0
2026,KALIMANTAN TIMUR,179,59172.04947439659,0.0
2026,LAMPUNG,223,35552.58062245981,0.0
2026,MALUKU,1,0.024583998534374797,0.0
2026,MALUKU UTARA,104,22038.41075741785,1.0
2026,NUSA TENGGARA TIMUR,50,17589.164173527122,0.0
2026,NUSATENGGARA BARAT,134,39737.65737003715,0.0
2026,PROBANTEN,1049,31083.262122526605,1.0
2026,RIAU,130,39884.716165657555,0.0
2026,SULAWESI SELATAN,67,24078.309688879483,1.0
2026,SULAWESI TENGAH,77,29952.950615509515,1.0
2026,SULAWESI TENGGARA,12,340.1047767548031,0.0
2026,SULAWESI UTARA,7,144.49920466204537,0.0
2026,SUMATERA BARAT,269,55063.31590116265,0.0
2026,SUMATERA SELATAN,272,61279.22360623997,1.0
2026,SUMATERA UTARA,382,114048.37013205084,0.0
